Word,Count
spi,491
vig,420
cla,394
knight,289
seer,153
see,149
long,132
realm,120
knights,115
below,108
wants,103
hefty,92
steed,89
restore,87
ability,82
omens,82
cast,76
property,75
passion,75
shield,73
its,73
mail,71
water,68
body,68
season,67
within,67
attack,66
company,64
knighted,63
cannot,62
stone,62
roll,61
helm,61
death,59
great,57
armour,56
through,55
new,52
blast,51
must,50
before,49
time,48
day,47
myth,46
until,46
ground,46
power,45
night,44
hex,43
take,42
damage,42
fire,42
beast,41
blood,41
now,41
make,40
seat,40
over,40
seers,39
slow,39
light,39
form,38
know,38
use,38
after,38
city,37
every,37
against,37
nearby,37
white,37
place,36
sees,36
black,36
being,35
back,35
blade,35
even,34
attacks,34
dead,34
holding,33
knows,33
always,33
once,33
land,33
plate,33
huge,33
like,33
first,32
action,32
target,31
wounded,31
past,31
glory,30
nearest,30
turn,30
left,30
person,30
get,30
bite,30
those,30
wind,30
voice,30
object,30
here,29
weapons,29
home,29
darkness,29
bones,29
vs,29
enough,28
rest,28
beasts,28
dark,28
old,28
tree,28
red,28
toward,28
save,27
die,27
combat,27
something,27
effect,27
grey,27
mist,27
silver,27
wound,26
broken,26
trees,26
vision,26
life,26
somebody,26
find,25
virtue,25
type,25
there,25
eyes,25
iron,25
fall,25
opposite,25
end,24
guard,24
world,24
axe,24
bone,24
away,24
trample,24
return,24
sun,24
name,24
way,23
phase,23
tower,23
future,23
river,23
still,23
anybody,23
sleep,23
horn,23
truth,22
players,22
themselves,22
ruler,22
three,22
causes,22
wall,22
gambeson,22
rock,22
cave,22
things,22
gold,22
hide,22
earth,22
speak,22
birds,22
another,22
under,21
targets,21
eye,21
own,21
share,21
distance,21
hexes,21
off,21
theme,21
across,21
food,21
smoke,21
state,21
shadow,21
characteristic,21
age,20
warband,20
travel,20
while,20
order,20
pass,20
never,20
move,20
loss,20
whole,20
taken,20
fight,20
lies,20
sky,20
sea,20
green,20
leave,20
sight,20
bright,20
metal,20
nothing,20
cold,19
worthy,19
also,19
battle,19
does,19
weapon,19
single,19
specific,19
sword,19
good,19
nature,19
distant,19
ancient,19
crown,19
appears,19
start,18
these,18
omen,18
full,18
guidance,18
flesh,18
feast,18
wilderness,18
stars,18
forest,18
strange,18
mountain,18
elderly,18
claws,18
quest,17
young,17
six,17
circle,17
feels,17
strong,17
heart,17
mace,17
mortal,17
normal,17
people,17
hidden,17
tunnel,17
begins,17
live,17
re,17
burning,17
boar,17
offering,17
head,17
game,16
without,16
number,16
gain,16
visions,16
dice,16
hands,16
small,16
harm,16
moment,16
tools,16
heavy,16
wooden,16
takes,16
service,16
hand,16
beneath,16
hound,16
arms,16
moon,16
travelling,16
claims,16
woods,16
golden,16
want,16
above,16
claim,16
war,16
beyond,16
dust,16
animals,16
fear,16
spider,16
eagle,16
air,16
skin,16
branches,16
made,16
horizon,16
part,15
vassals,15
myths,15
oath,15
should,15
unless,15
seeking,15
direction,15
seek,15
few,15
face,15
pain,15
break,15
melee,15
mounted,15
wood,15
spear,15
plates,15
anything,15
acolytes,15
spire,15
star,15
strike,15
wheel,15
lie,15
hunter,15
bow,15
cloak,15
go,14
items,14
per,14
work,14
cause,14
animal,14
little,14
between,14
sound,14
found,14
salt,14
feel,14
man,14
restock,14
pond,14
shadows,14
pool,14
tall,14
flame,14
clouds,14
thick,14
kill,14
jaws,14
bronze,14
means,13
need,13
court,13
choose,13
turns,13
might,13
large,13
immediately,13
limbs,13
feats,13
carry,13
everybody,13
gd,13
point,13
fighting,13
realms,13
open,13
tattered,13
touch,13
morning,13
sense,13
children,13
living,13
fruit,13
bird,13
trail,13
child,13
toad,13
elephant,13
cloaked,13
call,13
seen,13
shape,13
flight,13
claw,13
horse,13
words,13
skull,13
hates,13
rules,12
known,12
side,12
common,12
value,12
javelins,12
attacking,12
area,12
material,12
used,12
ignore,12
item,12
useful,12
information,12
walls,12
coat,12
petty,12
guards,12
blind,12
points,12
sunrise,12
clear,12
weather,12
memory,12
wild,12
creature,12
enemy,12
hammer,12
itself,12
lion,12
wraith,12
human,12
among,12
forged,12
very,12
soil,12
wings,12
won,12
suddenly,12
thrown,12
heard,12
eat,12
slowly,12
else,12
hunters,12
fungal,12
player,11
both,11
alone,11
wounds,11
gives,11
character,11
sudden,11
total,11
fully,11
present,11
revenge,11
become,11
stop,11
such,11
doesn,11
warbands,11
loyal,11
too,11
rare,11
don,11
set,11
ask,11
knowledge,11
true,11
moss,11
bridge,11
leads,11
fine,11
well,11
soft,11
silk,11
twisted,11
forge,11
flowers,11
fur,11
fish,11
leather,11
subject,11
music,11
hatred,11
ring,11
hooded,11
pack,11
bat,11
hydra,11
around,11
bursts,11
woman,11
everything,11
sorrow,10
running,10
spark,10
different,10
others,10
winter,10
rule,10
virtues,10
spirit,10
give,10
serve,10
perform,10
cudgel,10
higher,10
possible,10
following,10
least,10
leaves,10
scars,10
warm,10
torn,10
limb,10
arm,10
instead,10
unable,10
castle,10
mercenaries,10
militia,10
question,10
would,10
uncommon,10
longsword,10
round,10
local,10
seasons,10
whether,10
chain,10
covered,10
location,10
later,10
humble,10
random,10
draw,10
jagged,10
fate,10
complete,10
best,10
ends,10
could,10
surface,10
filled,10
returning,10
glow,10
bloody,10
appearance,10
structure,10
lake,10
ogre,10
lich,10
wight,10
bull,10
word,10
breath,10
ever,10
horned,10
born,10
ash,10
cut,10
forth,10
clumsy,10
looking,10
heap,10
five,10
prey,10
hair,10
deep,10
vanish,10
falls,10
teeth,10
killed,10
stories,9
guide,9
resolved,9
council,9
dreams,9
dagger,9
non,9
exposed,9
otherwise,9
actions,9
using,9
deny,9
ally,9
show,9
peace,9
table,9
victim,9
less,9
moving,9
charge,9
together,9
soldiers,9
charger,9
grow,9
answer,9
kite,9
general,9
fights,9
come,9
help,9
travellers,9
final,9
path,9
secret,9
rocks,9
giving,9
spread,9
blessing,9
domain,9
coin,9
empty,9
force,9
rain,9
cloud,9
roots,9
pit,9
stones,9
citadel,9
intense,9
hunting,9
rider,9
banner,9
leaf,9
beings,9
troll,9
hole,9
false,9
watching,9
rides,9
pair,9
watch,9
cloth,9
lone,9
led,9
design,9
blue,9
burn,9
wolves,9
wolf,9
masked,9
taking,9
perfect,9
song,9
scholar,9
burned,9
utterly,9
lightning,9
winged,9
fly,9
gift,9
able,9
herald,9
holdings,8
further,8
session,8
significant,8
leading,8
ruling,8
sure,8
extra,8
avoid,8
typically,8
yourself,8
same,8
gambits,8
impaired,8
scar,8
half,8
mortally,8
slain,8
suffer,8
result,8
restored,8
jaw,8
tear,8
smite,8
focus,8
effects,8
count,8
steeds,8
bear,8
leader,8
carries,8
far,8
follow,8
trade,8
offer,8
require,8
lance,8
harp,8
refuse,8
key,8
duty,8
details,8
four,8
hill,8
neighbouring,8
detail,8
entire,8
mood,8
entrance,8
better,8
needed,8
hearing,8
taste,8
spring,8
keep,8
encounter,8
dire,8
physical,8
justice,8
weak,8
sharp,8
pale,8
spiked,8
plants,8
honey,8
love,8
growing,8
barbed,8
mud,8
thorns,8
story,8
plague,8
lizard,8
sprite,8
gargoyle,8
visible,8
band,8
giant,8
eating,8
driven,8
beak,8
near,8
rings,8
bloated,8
scales,8
atop,8
memories,8
beloved,8
thorn,8
shows,8
rising,8
behind,8
axes,8
completely,8
silent,8
speaks,8
soul,8
corpse,8
impossible,8
mocking,8
brass,8
flee,8
chains,8
disturbed,8
soon,8
longs,8
spiral,8
rises,8
shell,8
swarm,8
warning,8
remains,8
impossibly,8
farmer,8
hag,8
member,8
king,8
clockwork,8
tables,7
referee,7
play,7
begin,7
opening,7
duel,7
history,7
risk,7
powerful,7
mind,7
special,7
rope,7
squire,7
shortbow,7
normally,7
characters,7
granted,7
rolling,7
moments,7
cost,7
removed,7
again,7
increase,7
senses,7
impact,7
attacker,7
ranged,7
enemies,7
foot,7
harmed,7
scale,7
receive,7
though,7
usually,7
riders,7
handaxe,7
protection,7
truly,7
brigandine,7
ox,7
called,7
tended,7
thing,7
landmarks,7
gets,7
feature,7
hostile,7
solid,7
safe,7
second,7
concealed,7
given,7
rolls,7
high,7
bad,7
harvest,7
drink,7
event,7
sleeping,7
nest,7
shrouded,7
goblin,7
lair,7
aid,7
betrayal,7
results,7
glittering,7
glass,7
hot,7
thunder,7
dull,7
loud,7
buried,7
colossal,7
ruined,7
abandoned,7
wine,7
invasion,7
armoured,7
ruin,7
mercenary,7
fang,7
defeat,7
forgotten,7
ambush,7
seal,7
boulder,7
fox,7
wurm,7
spectre,7
judge,7
fortress,7
glade,7
changeling,7
stream,7
clearing,7
crowd,7
anger,7
bandit,7
tries,7
hooked,7
milk,7
peak,7
toll,7
moonlight,7
laid,7
mother,7
carved,7
runic,7
bring,7
roar,7
humans,7
last,7
challenge,7
muscular,7
fallen,7
broad,7
conversation,7
behaviour,7
returns,7
painted,7
coming,7
blades,7
arrows,7
defeated,7
fat,7
tiny,7
fleeing,7
emerges,7
copper,7
clothes,7
unbreakable,7
screaming,7
ghostly,7
mass,7
curse,7
scream,7
invisible,7
asks,7
mature,6
wicked,6
played,6
gains,6
loses,6
brought,6
dry,6
sworn,6
protect,6
plan,6
wish,6
remedy,6
fatigued,6
dies,6
assume,6
combatants,6
allies,6
attackers,6
bolster,6
gambit,6
dying,6
having,6
mark,6
max,6
blow,6
involved,6
create,6
causing,6
already,6
typical,6
grants,6
rolled,6
individual,6
dozen,6
siege,6
creatures,6
bolt,6
self,6
raw,6
maul,6
worn,6
generally,6
outside,6
rod,6
flute,6
holds,6
glimpse,6
believe,6
look,6
towers,6
lives,6
landmark,6
covers,6
prompts,6
throw,6
site,6
exploration,6
route,6
line,6
overgrown,6
smashed,6
carrion,6
tomb,6
burial,6
deeds,6
smell,6
whims,6
intent,6
trying,6
forward,6
right,6
sunset,6
warmth,6
passage,6
favour,6
proper,6
hunt,6
wyvern,6
appear,6
looming,6
treat,6
calls,6
faces,6
exist,6
gathering,6
steal,6
forms,6
carrying,6
chaos,6
resolution,6
hold,6
family,6
grand,6
prompt,6
bog,6
violet,6
fiery,6
emerald,6
faint,6
beautiful,6
mound,6
waterfall,6
drowned,6
desire,6
desert,6
sour,6
bread,6
storm,6
punishment,6
short,6
youthful,6
manner,6
blunt,6
reluctant,6
fancy,6
throwing,6
twist,6
knightly,6
willow,6
tiger,6
legion,6
elf,6
dwarf,6
colossus,6
apparatus,6
identity,6
foul,6
village,6
perfectly,6
pot,6
veil,6
weeping,6
forming,6
anyone,6
dream,6
whispers,6
wielder,6
corpses,6
along,6
pilgrims,6
arguing,6
drag,6
faded,6
burns,6
fresh,6
cry,6
fast,6
pile,6
looks,6
blackened,6
spores,6
snake,6
aflame,6
singing,6
horses,6
shadowy,6
cruel,6
extremely,6
peaceful,6
cliff,6
underground,6
patchwork,6
flying,6
pet,6
roaring,6
say,6
hear,6
clad,6
fades,6
grows,6
raiders,6
robes,6
arrives,6
wearers,6
crocodile,6
declaring,6
figure,6
pouch,6
worms,6
mathbf,6
case,5
certain,5
law,5
vagabonds,5
trails,5
read,5
knighthood,5
scope,5
group,5
sits,5
situation,5
run,5
grant,5
moves,5
rank,5
clarity,5
honour,5
squires,5
ride,5
failure,5
consequences,5
surprise,5
reaction,5
current,5
uncertain,5
act,5
victims,5
performed,5
creates,5
control,5
add,5
moved,5
consuming,5
requires,5
caused,5
real,5
training,5
escape,5
learned,5
release,5
affected,5
foe,5
repel,5
trap,5
similar,5
breaking,5
natural,5
charging,5
shields,5
entirely,5
structures,5
destroyed,5
drawn,5
fed,5
rich,5
often,5
staff,5
club,5
brutal,5
wear,5
crystal,5
talons,5
comes,5
appetite,5
vassal,5
understand,5
held,5
sacred,5
terrain,5
barrier,5
castles,5
places,5
clearly,5
amid,5
twisting,5
routes,5
treasure,5
landing,5
stony,5
important,5
reality,5
luck,5
low,5
fail,5
deliver,5
immediate,5
lasting,5
ignoring,5
gather,5
previous,5
seems,5
thoroughly,5
search,5
secrets,5
vast,5
himself,5
times,5
visitors,5
tradition,5
commoners,5
crises,5
famine,5
especially,5
combine,5
ivory,5
mirror,5
thin,5
towering,5
helpful,5
insects,5
mighty,5
entombed,5
isolated,5
flames,5
sweet,5
joy,5
temple,5
garden,5
reliquary,5
cauldron,5
wet,5
meat,5
root,5
poison,5
alcohol,5
tournament,5
friend,5
destroy,5
symbol,5
metallic,5
scout,5
scatter,5
sacrifice,5
mask,5
free,5
pearl,5
rat,5
demon,5
snail,5
polished,5
advice,5
amount,5
choking,5
embers,5
close,5
seeing,5
flail,5
weasel,5
swollen,5
heading,5
tears,5
creator,5
repelled,5
matter,5
branch,5
rivers,5
burnt,5
wing,5
tail,5
eggs,5
swan,5
hood,5
everyone,5
dragged,5
offers,5
lord,5
sack,5
trapped,5
fearmonger,5
upon,5
writhing,5
grasp,5
waiting,5
sign,5
attacked,5
placed,5
halfshield,5
ignores,5
scouts,5
wearer,5
onto,5
resting,5
dried,5
rotting,5
feathers,5
noble,5
hanging,5
narrow,5
opens,5
lights,5
comfort,5
scarred,5
hated,5
serpent,5
crushed,5
grinding,5
happened,5
desires,5
slightly,5
gore,5
countless,5
starlight,5
march,5
hiding,5
whisper,5
serfs,5
smouldering,5
preserved,5
crooked,5
tapestry,5
eaten,5
sinister,5
command,5
gifts,5
message,5
ugly,5
piece,5
followed,5
eternal,5
attempt,5
chance,5
box,5
leaving,5
statue,5
crush,5
crimson,5
shapes,5
looms,5
nightmares,5
shouting,5
clay,5
snow,5
clawed,5
seem,5
wide,5
hardened,5
sings,5
void,5
returned,5
burst,5
warty,5
sorted,5
whom,5
shall,5
slime,5
numerator,5
warriors,5
additional,4
content,4
methods,4
uses,4
fell,4
curious,4
consider,4
news,4
ahead,4
sessions,4
opponent,4
roam,4
journey,4
vigour,4
equal,4
reduced,4
makes,4
longer,4
catch,4
quickly,4
steps,4
remaining,4
benefit,4
situations,4
procedure,4
exhausted,4
passed,4
hospitality,4
materials,4
burden,4
neck,4
nose,4
struggle,4
leg,4
either,4
exploit,4
lands,4
reach,4
discard,4
greater,4
unarmed,4
engage,4
ships,4
larger,4
immobile,4
origin,4
needs,4
during,4
orders,4
goods,4
greatsword,4
crossbow,4
remove,4
mule,4
riding,4
recover,4
range,4
particular,4
cures,4
archer,4
alchemist,4
destined,4
nobody,4
ready,4
title,4
page,4
map,4
loose,4
island,4
marked,4
types,4
presence,4
features,4
ones,4
ruins,4
echo,4
mountains,4
based,4
spot,4
locals,4
hoping,4
sweep,4
treasures,4
primacy,4
remember,4
difficult,4
feeling,4
flavour,4
crisis,4
problem,4
list,4
succeed,4
threat,4
worse,4
ensure,4
passes,4
ambitions,4
solemn,4
ages,4
legacy,4
becomes,4
reroll,4
learn,4
successor,4
road,4
indoors,4
encountered,4
containing,4
reveals,4
woe,4
lay,4
shifting,4
strength,4
searching,4
rough,4
warn,4
missing,4
fact,4
steward,4
authority,4
threats,4
occasionally,4
send,4
debt,4
coffer,4
panic,4
misrule,4
squeeze,4
military,4
improvisational,4
barren,4
marsh,4
swells,4
abyss,4
verdant,4
sunlight,4
stinging,4
reptiles,4
split,4
veiled,4
arch,4
sludge,4
tunnels,4
style,4
ornate,4
pristine,4
moat,4
joyous,4
hearth,4
antlers,4
throne,4
heraldry,4
jewels,4
mild,4
grain,4
mead,4
luminous,4
killing,4
theft,4
adoring,4
optimistic,4
delicate,4
soothing,4
booming,4
kin,4
rival,4
guardian,4
freedom,4
task,4
capture,4
descriptor,4
denied,4
jewelled,4
happen,4
spike,4
swords,4
maze,4
chained,4
cage,4
outpost,4
ranks,4
bait,4
wandering,4
amber,4
pigeon,4
whip,4
owl,4
rune,4
tome,4
meteor,4
vulture,4
weaver,4
entering,4
odds,4
imp,4
coven,4
tell,4
witness,4
lurking,4
stuck,4
demands,4
lantern,4
infected,4
swear,4
angry,4
alight,4
hate,4
built,4
labourers,4
sharing,4
trust,4
heads,4
pride,4
grief,4
skies,4
sorrowful,4
skeletal,4
rage,4
poor,4
master,4
monks,4
washed,4
shaken,4
rocky,4
spreads,4
crushing,4
flees,4
buckler,4
snakes,4
string,4
stag,4
poisoned,4
dug,4
scattered,4
twin,4
tails,4
constantly,4
parts,4
hazy,4
spite,4
cries,4
spotted,4
repellent,4
bound,4
bony,4
objects,4
winding,4
guardians,4
foxes,4
cat,4
movement,4
victory,4
arrived,4
join,4
seeker,4
crying,4
certainty,4
loved,4
layers,4
frightened,4
touched,4
monstrous,4
lead,4
fade,4
quiet,4
layered,4
hunched,4
graveyard,4
rusted,4
rip,4
intentions,4
hunger,4
hears,4
follows,4
beckoning,4
burglar,4
sleeps,4
refusing,4
respect,4
calm,4
shepherd,4
howl,4
legs,4
embroidery,4
confused,4
banished,4
revealed,4
parade,4
aiming,4
devour,4
hermit,4
salty,4
inscribed,4
harmless,4
revealing,4
heightened,4
prediction,4
field,4
pull,4
retreat,4
seeks,4
array,4
thought,4
frail,4
felt,4
bed,4
pike,4
waves,4
barely,4
big,4
dense,4
watches,4
amongst,4
loves,4
draped,4
painful,4
praise,4
gone,4
believes,4
tide,4
wave,4
early,4
acts,4
faster,4
extinguish,4
punish,4
halberd,4
scrolls,4
dusty,4
rumble,4
skulls,4
axebearer,4
crag,4
sickle,4
pieces,4
twice,4
stairway,4
abstract,4
boasts,4
me,4
drinking,4
oily,4
grass,4
gradually,4
floats,4
size,4
lock,4
abandon,4
questions,4
bare,4
cats,4
crops,4
walking,4
glows,4
descends,4
strikes,4
bonebreaker,4
carapace,4
fangs,4
bitter,4
potter,4
really,4
explain,4
declare,4
dawn,4
gust,4
plinth,4
mystic,4
colour,4
somewhere,4
stick,4
hedgehog,4
finally,4
slab,4
patch,4
immaterial,4
names,4
allow,4
ghost,4
elaborate,4
runes,4
pulsing,4
emerging,4
guilty,4
bladed,4
twelve,4
wiry,4
demanding,4
ensuring,4
watcher,4
boneborn,4
whoever,4
nimiod,4
fiends,4
candle,4
holfolk,4
carpenter,4
including,3
critical,3
render,3
started,3
arrive,3
courtier,3
influence,3
adventure,3
let,3
planned,3
joust,3
stake,3
loser,3
provided,3
worthiness,3
position,3
determines,3
keen,3
instinct,3
shrewd,3
tongue,3
camping,3
hatchet,3
lower,3
discussing,3
acting,3
caught,3
defenceless,3
risks,3
becoming,3
highest,3
score,3
daggers,3
bonus,3
hour,3
patched,3
listed,3
detailed,3
treated,3
stimulant,3
receiving,3
sacrament,3
remedies,3
gained,3
lucky,3
torso,3
innards,3
violent,3
ear,3
agony,3
useless,3
doom,3
feat,3
righteous,3
level,3
minor,3
protective,3
cover,3
formation,3
morale,3
groups,3
surrender,3
breached,3
ship,3
ill,3
polearm,3
deal,3
coins,3
ongoing,3
simply,3
hope,3
specialist,3
treasured,3
wielded,3
logging,3
pick,3
javelin,3
shortsword,3
longbow,3
existing,3
wearing,3
flexible,3
bucket,3
saw,3
fishing,3
candles,3
herbalist,3
scribe,3
ball,3
sheep,3
hawk,3
ritual,3
performance,3
poisons,3
sickness,3
many,3
services,3
sage,3
smaller,3
walled,3
truths,3
roles,3
exists,3
working,3
protecting,3
positions,3
guiding,3
creating,3
guidelines,3
barriers,3
passing,3
spanning,3
book,3
course,3
spend,3
came,3
locations,3
traditional,3
quick,3
centre,3
dangers,3
diamond,3
valuable,3
numbers,3
closed,3
blocks,3
dotted,3
example,3
careful,3
meal,3
former,3
swirling,3
sealed,3
choices,3
interesting,3
ve,3
base,3
works,3
established,3
put,3
ending,3
plans,3
year,3
gathers,3
loyalty,3
collected,3
secretive,3
trusted,3
reflection,3
years,3
none,3
pilgrimage,3
unknown,3
courtesy,3
unresolved,3
changes,3
goes,3
rarely,3
prevent,3
deprived,3
did,3
drop,3
roaming,3
mercy,3
arriving,3
recent,3
streams,3
personal,3
social,3
adjacent,3
precise,3
lad,3
seats,3
quietly,3
absence,3
visit,3
stead,3
remain,3
chosen,3
misery,3
raise,3
doubt,3
claiming,3
arise,3
project,3
mostly,3
conflict,3
obvious,3
brings,3
drama,3
status,3
buildings,3
completed,3
landscape,3
crags,3
meadow,3
plain,3
tone,3
marble,3
frosted,3
description,3
gentle,3
fleeting,3
gusts,3
cool,3
breeze,3
fog,3
canopy,3
vibrant,3
vines,3
thorny,3
reeds,3
songbirds,3
canines,3
aloof,3
adorned,3
pleasure,3
healing,3
sparks,3
acidic,3
frozen,3
filthy,3
arena,3
servants,3
scripture,3
spiced,3
cheese,3
vegetable,3
pottery,3
herb,3
letters,3
ambition,3
disguise,3
greed,3
unseen,3
birth,3
furious,3
marriage,3
comfortable,3
sickly,3
formal,3
smooth,3
relaxed,3
craft,3
curiosity,3
forgiveness,3
dwelling,3
execution,3
ailment,3
constant,3
melancholy,3
lethargy,3
flower,3
forked,3
curved,3
double,3
hook,3
boast,3
observe,3
team,3
flies,3
farm,3
stink,3
aggressive,3
tight,3
square,3
focused,3
collapse,3
slaughter,3
gilded,3
saddle,3
dove,3
turtle,3
questing,3
dusk,3
cosmic,3
magpie,3
ghoul,3
tied,3
underworld,3
chariot,3
cracked,3
lying,3
aroma,3
withered,3
rotten,3
birthed,3
pleads,3
spreading,3
couple,3
treatment,3
visibly,3
directly,3
rats,3
companion,3
speech,3
vengeful,3
crumbling,3
stealing,3
muddy,3
paranoid,3
oil,3
granting,3
army,3
longaxe,3
blinded,3
condition,3
calling,3
champion,3
crest,3
mourned,3
apprentice,3
knowing,3
winds,3
playing,3
torment,3
deer,3
mourning,3
sacks,3
warhorse,3
brew,3
flood,3
offerings,3
fisherman,3
newt,3
innocent,3
tomorrow,3
ringmail,3
tattoos,3
saltwater,3
conceals,3
pulled,3
cart,3
pained,3
sting,3
crowned,3
surrounded,3
screeches,3
poisonous,3
grounded,3
thrash,3
adder,3
broke,3
stocky,3
crow,3
caged,3
door,3
needle,3
bend,3
deeper,3
sing,3
inside,3
heat,3
slash,3
damp,3
mossy,3
fading,3
brave,3
opponents,3
regain,3
glimpses,3
reverence,3
awful,3
matted,3
signs,3
neither,3
wrong,3
alert,3
mouth,3
immunity,3
embroidered,3
stretched,3
regal,3
clutching,3
malice,3
masks,3
passers,3
terrified,3
sisters,3
precaution,3
herbs,3
steel,3
tormenting,3
marching,3
unlife,3
insatiable,3
grave,3
smith,3
guides,3
purpose,3
taunting,3
cruelty,3
delicious,3
hisses,3
unusual,3
happy,3
collector,3
noise,3
wurmshields,3
strands,3
days,3
fair,3
flock,3
crows,3
voices,3
stops,3
howls,3
setting,3
crook,3
intended,3
sort,3
silhouette,3
traveller,3
resist,3
rumbling,3
lasts,3
stolen,3
feet,3
insight,3
gleam,3
tragic,3
screams,3
infested,3
hungers,3
cup,3
grab,3
fought,3
groans,3
lean,3
rm,3
polearms,3
wrapped,3
tired,3
lash,3
dancing,3
shouldn,3
releases,3
language,3
sensitivity,3
approval,3
clean,3
chameleon,3
severed,3
rubbery,3
eventually,3
shimmering,3
hue,3
space,3
futures,3
goat,3
drum,3
openly,3
flooding,3
aspects,3
possessed,3
ward,3
swell,3
weed,3
modest,3
washes,3
match,3
respectful,3
breathe,3
wretch,3
viper,3
destroyers,3
upcoming,3
fires,3
emotion,3
reward,3
cattle,3
roughly,3
orchard,3
echos,3
stands,3
proclaiming,3
bell,3
view,3
helix,3
accepts,3
kind,3
fore,3
controlled,3
safely,3
ascend,3
crackling,3
bolts,3
stopped,3
watery,3
tale,3
secretly,3
shroud,3
pattern,3
turning,3
rubble,3
tigers,3
charioteer,3
feed,3
motion,3
standing,3
stand,3
wither,3
flowing,3
turned,3
gems,3
poem,3
peacock,3
headed,3
dance,3
stopping,3
instructions,3
herself,3
quirk,3
destruction,3
sleek,3
horrible,3
loudly,3
distrust,3
blessings,3
desperate,3
congregation,3
bloodsucker,3
pleasing,3
gathered,3
lethal,3
velvet,3
endless,3
vanishes,3
lifted,3
weary,3
shattered,3
enter,3
shackled,3
hawkleon,3
twitching,3
bees,3
embedded,3
releasing,3
bristles,3
murder,3
shining,3
immune,3
job,3
limited,3
released,3
finery,3
luxury,3
guisarme,3
pots,3
worst,3
blanket,3
instant,3
ll,3
knotted,3
touches,3
witch,3
snails,3
sand,3
orb,3
salvaged,3
striking,3
summon,3
meet,3
springs,3
palace,3
dressed,3
winner,3
leap,3
shame,3
recently,3
trident,3
souls,3
moth,3
cabin,3
shameful,3
preserve,3
messenger,3
done,3
smashing,3
tusks,3
silence,3
scroll,3
dragging,3
crimes,3
veyril,3
lots,3
spit,3
shared,3
told,3
python,3
parchment,3
felling,3
belongings,3
various,3
agenda,3
asking,3
creations,3
acid,3
cunning,3
interfere,3
glowing,3
quarry,3
bough,3
slayer,3
rose,3
petals,3
enhanced,3
building,3
pitiful,3
tastes,3
liquid,3
chest,3
explains,3
ardwright,3
watchtower,3
eager,3
sculpted,3
sinking,3
gossip,3
modified,3
brick,3
bastionland,2
chris,2
mcdowall,2
cairn,2
greg,2
stafford,2
valiant,2
storytelling,2
copyright,2
reserved,2
written,2
permission,2
publisher,2
except,2
brief,2
permitted,2
com,2
hills,2
havens,2
aloud,2
abend,2
veils,2
ache,2
getting,2
equipment,2
expect,2
errant,2
lack,2
counsel,2
gallant,2
delivered,2
tenant,2
explore,2
deemed,2
reaching,2
willing,2
victor,2
spectators,2
serving,2
radiant,2
unworthy,2
initial,2
proven,2
accept,2
chose,2
firm,2
lungs,2
lucid,2
charming,2
fierce,2
skill,2
avoiding,2
unique,2
torches,2
gear,2
apprentices,2
pony,2
basic,2
negative,2
failed,2
raised,2
ways,2
react,2
prepare,2
noted,2
separately,2
deducted,2
evade,2
excess,2
reduces,2
addition,2
consequence,2
recovery,2
skipping,2
sustenance,2
ceremonial,2
encounters,2
consulting,2
slay,2
deadly,2
duels,2
permanent,2
cheek,2
smash,2
spray,2
pierced,2
numbs,2
rendered,2
haunts,2
stroke,2
combatant,2
fury,2
receives,2
impair,2
chooses,2
changing,2
preparations,2
advantage,2
suitable,2
spearwalls,2
dismounted,2
spears,2
individuals,2
wiped,2
suitably,2
front,2
recovering,2
gate,2
rowboat,2
artillery,2
siegery,2
ram,2
price,2
whatever,2
met,2
pushed,2
interest,2
crude,2
wielding,2
confined,2
environments,2
poleaxe,2
billhook,2
sling,2
greataxe,2
combining,2
scores,2
kettle,2
nasal,2
coif,2
splint,2
rigid,2
shovel,2
pig,2
generous,2
enlightening,2
herbal,2
discomfort,2
suffering,2
speed,2
house,2
offered,2
gladly,2
everywhere,2
expertise,2
treatments,2
soldier,2
immense,2
medicinal,2
agrees,2
settlements,2
guarded,2
became,2
version,2
vagabond,2
web,2
faith,2
wisdom,2
bent,2
hexagonal,2
grid,2
covering,2
coastal,2
hexagon,2
commonly,2
patrol,2
change,2
lakes,2
multiple,2
fortresses,2
influential,2
remote,2
alter,2
homes,2
wilds,2
sanctums,2
sites,2
step,2
push,2
adding,2
largely,2
distances,2
created,2
warrant,2
tombs,2
circles,2
carefully,2
crossed,2
creative,2
thinking,2
required,2
reached,2
caves,2
beach,2
toxic,2
pools,2
boat,2
harass,2
shrine,2
flooded,2
supersedes,2
presented,2
improvisation,2
faced,2
answered,2
notes,2
beneficial,2
harmful,2
arbitrary,2
describe,2
favours,2
welcome,2
leverage,2
resource,2
success,2
disrupt,2
risky,2
execute,2
phases,2
noon,2
afternoon,2
revelry,2
rulers,2
honours,2
mortality,2
doors,2
peacefully,2
advancing,2
decides,2
reasonably,2
continue,2
months,2
continues,2
establish,2
contact,2
improvement,2
succession,2
possibly,2
consumes,2
manners,2
stays,2
outdoors,2
activity,2
supplies,2
exploring,2
wait,2
attempting,2
wastes,2
try,2
consecutive,2
fill,2
standard,2
goal,2
represent,2
main,2
emotional,2
vantage,2
undo,2
weaknesses,2
isn,2
north,2
dominion,2
pledging,2
prestigious,2
treasury,2
marshall,2
mustering,2
sheriff,2
neighbours,2
providing,2
alongside,2
members,2
week,2
courtiers,2
although,2
disaster,2
enforce,2
tremble,2
seeds,2
revolt,2
problems,2
borders,2
taxes,2
collections,2
pay,2
breed,2
party,2
mistreated,2
conquest,2
seized,2
turmoil,2
infrastructure,2
projects,2
sodden,2
lush,2
texture,2
aurora,2
haze,2
swirl,2
streaks,2
pink,2
pillars,2
teal,2
froth,2
rapids,2
jade,2
element,2
abundant,2
aromatic,2
ashen,2
heather,2
shrubs,2
trunks,2
rodents,2
deceitful,2
brook,2
colourful,2
reflective,2
wonder,2
prophecy,2
temptation,2
regret,2
labyrinth,2
jungle,2
proud,2
fountain,2
industrious,2
majestic,2
hall,2
decoration,2
musicians,2
quality,2
mushrooms,2
pie,2
fermented,2
nuts,2
cake,2
fatty,2
chewy,2
livestock,2
simple,2
decorated,2
intricate,2
wrath,2
blackmail,2
disease,2
raids,2
trial,2
dress,2
whispering,2
flat,2
detached,2
hesitant,2
gravelly,2
boisterous,2
cautious,2
ambitious,2
serene,2
unstable,2
prying,2
cynical,2
rash,2
hateful,2
mentor,2
peer,2
wealth,2
heirloom,2
security,2
transport,2
outcast,2
exile,2
feral,2
injury,2
friendship,2
pampered,2
romance,2
symptom,2
nausea,2
frailty,2
earthy,2
bodypart,2
subdued,2
mobile,2
renowned,2
cowardly,2
raider,2
veteran,2
bloodthirsty,2
pole,2
weighted,2
confuse,2
defend,2
stall,2
flurry,2
rush,2
stagger,2
onslaught,2
weaken,2
stalemate,2
blockade,2
archers,2
judged,2
battlefield,2
boulders,2
ravine,2
column,2
reinforced,2
strategy,2
assault,2
camouflage,2
delay,2
snare,2
tourney,2
riddle,2
horde,2
tankard,2
gallows,2
gazer,2
halo,2
gull,2
hive,2
fanged,2
catacomb,2
pact,2
uphold,2
trigger,2
hum,2
rotted,2
decay,2
terror,2
proclaims,2
shack,2
daughter,2
jolly,2
chasing,2
smiling,2
report,2
escort,2
bonfire,2
oak,2
purging,2
sets,2
twins,2
deathly,2
bleeding,2
blends,2
foliage,2
partially,2
habitat,2
empathy,2
exiled,2
shamed,2
jovial,2
cutting,2
storms,2
guarding,2
repairing,2
think,2
sent,2
magpies,2
shiny,2
bored,2
wardens,2
bottom,2
moonlit,2
refugees,2
terrible,2
stretches,2
post,2
repair,2
leaning,2
mid,2
prowess,2
vow,2
prize,2
plea,2
answers,2
wandered,2
groan,2
strongest,2
stagnant,2
lashing,2
meets,2
drowning,2
behalf,2
alchemical,2
rotund,2
amorphous,2
clash,2
stained,2
balance,2
fuel,2
flow,2
apparent,2
tending,2
riverbank,2
newts,2
slippery,2
feared,2
barrels,2
redshield,2
elder,2
lessons,2
shown,2
particularly,2
rebuke,2
reject,2
opportunity,2
third,2
loathed,2
physically,2
bane,2
scaled,2
fled,2
reptile,2
baby,2
prehensile,2
plight,2
chess,2
martial,2
monsters,2
cap,2
rubbed,2
seeming,2
advise,2
toes,2
cursing,2
pets,2
drops,2
binding,2
lain,2
nine,2
biting,2
scratching,2
keys,2
dogs,2
energy,2
stack,2
actual,2
moor,2
carvings,2
drive,2
swift,2
ironwood,2
woodland,2
preys,2
tooth,2
verdy,2
bold,2
credit,2
graves,2
student,2
spikes,2
manipulate,2
drunken,2
redmaw,2
throughout,2
searches,2
cradle,2
silvery,2
repaired,2
promised,2
wilfully,2
morningstar,2
stalk,2
nor,2
streak,2
temperament,2
highly,2
afar,2
complaining,2
farmers,2
draft,2
stood,2
allowed,2
thief,2
suit,2
retinue,2
pendant,2
meaning,2
visage,2
hideous,2
jawbone,2
anew,2
skeleton,2
reporting,2
restless,2
mimicking,2
construction,2
glaive,2
keeps,2
piercing,2
charm,2
cowardice,2
eats,2
falcon,2
folds,2
gloom,2
coldsword,2
daylight,2
woven,2
indigo,2
exit,2
emerge,2
grasping,2
scare,2
drifting,2
lure,2
sow,2
vicious,2
arrow,2
blacksmith,2
brewer,2
retired,2
captain,2
serpents,2
choir,2
snack,2
feasting,2
weeps,2
swamp,2
sister,2
surveys,2
laughter,2
dreaming,2
glutton,2
craggy,2
chew,2
spout,2
fealty,2
lens,2
monster,2
rescuing,2
helpless,2
facing,2
welcomed,2
wailing,2
hungry,2
scattering,2
throat,2
sights,2
zero,2
loving,2
slip,2
destination,2
stay,2
fails,2
miniature,2
drawing,2
pressing,2
tanner,2
hat,2
opened,2
hollow,2
discord,2
dispersing,2
settlement,2
aim,2
wagon,2
wise,2
floral,2
imbued,2
reign,2
afore,2
throng,2
beastly,2
tactics,2
hanged,2
distressed,2
bargain,2
altar,2
cutthroats,2
sharpen,2
scabbard,2
louse,2
colan,2
wielders,2
sable,2
reath,2
yond,2
stabbed,2
unnamed,2
sick,2
helms,2
bodies,2
legionnaire,2
legionnaires,2
tracking,2
pronged,2
ice,2
potential,2
failures,2
thrall,2
endure,2
flash,2
ignites,2
fluttering,2
impish,2
pranks,2
frustrated,2
bites,2
transform,2
diamonds,2
yellow,2
purple,2
orange,2
cured,2
desiccated,2
forever,2
observing,2
groaning,2
pulls,2
disturbing,2
rampages,2
craving,2
regains,2
named,2
ruby,2
feather,2
warping,2
reveal,2
mirrors,2
stirred,2
goats,2
drunks,2
writher,2
humanity,2
serf,2
bursting,2
morbid,2
salve,2
mould,2
blindfolded,2
tempest,2
deafening,2
hearted,2
bellows,2
coral,2
submerged,2
survive,2
rightful,2
redeem,2
tangled,2
moan,2
positive,2
flea,2
ironsmith,2
longly,2
talking,2
swiftbow,2
goldfalx,2
quirks,2
absolutely,2
consume,2
stout,2
reading,2
rebirth,2
growth,2
compass,2
cowherd,2
stampeding,2
seven,2
restoring,2
humming,2
thunderclap,2
shattering,2
tearing,2
fates,2
rusty,2
affects,2
divine,2
gently,2
grove,2
freshly,2
giants,2
swallowing,2
urge,2
newly,2
armed,2
docile,2
weeds,2
powder,2
sink,2
jump,2
silently,2
afraid,2
protects,2
wake,2
dreamlike,2
top,2
clap,2
regrets,2
unwanted,2
attention,2
ghosts,2
nonsense,2
dog,2
vanished,2
preparing,2
upstream,2
slights,2
liking,2
shaped,2
awoke,2
motionless,2
battered,2
disgusting,2
liquids,2
squat,2
smoky,2
scene,2
berries,2
husk,2
difficulty,2
sends,2
buzzard,2
nightfall,2
dries,2
note,2
crafty,2
jittery,2
produce,2
backpack,2
acquired,2
scrap,2
vial,2
pearls,2
unspoken,2
cryptic,2
sanctum,2
climb,2
approach,2
surroundings,2
gnarled,2
awashed,2
ridden,2
tough,2
blazing,2
circling,2
spires,2
planted,2
pushing,2
escorted,2
forced,2
blinding,2
falling,2
foes,2
await,2
sustain,2
struggling,2
gauntlets,2
haunted,2
mole,2
brightly,2
heights,2
shady,2
anymore,2
feaster,2
bounds,2
trinkets,2
elders,2
proclaimed,2
predators,2
roundshield,2
realise,2
argument,2
fears,2
intensity,2
nasty,2
steep,2
crescent,2
screech,2
vulnerable,2
bay,2
haired,2
walks,2
superstitions,2
tea,2
nurture,2
prophetic,2
cheat,2
topic,2
miscellaneous,2
shade,2
tomes,2
creak,2
bowl,2
telling,2
babbling,2
mane,2
stings,2
venom,2
cloaks,2
infuriating,2
abound,2
acquire,2
silken,2
sometimes,2
blossom,2
spinning,2
solo,2
writing,2
seemingly,2
sport,2
scheming,2
honestly,2
scheme,2
pounce,2
predator,2
vanishing,2
hurry,2
toxins,2
extinguished,2
seawater,2
erupts,2
midnight,2
un,2
commoner,2
trick,2
owner,2
dwell,2
events,2
lazy,2
hurt,2
bark,2
anywhere,2
webs,2
healed,2
bristly,2
cuts,2
mottled,2
spindly,2
starry,2
chestplate,2
flask,2
foresight,2
correct,2
summer,2
shore,2
briefly,2
achantrix,2
today,2
enters,2
beads,2
padded,2
clinging,2
presents,2
possibilities,2
argues,2
contradicts,2
fable,2
riches,2
blasts,2
struck,2
smells,2
mystical,2
donate,2
spun,2
til,2
morn,2
studded,2
geography,2
stability,2
simplicity,2
forgets,2
shout,2
gasping,2
accompanied,2
ten,2
hounds,2
renders,2
inconvenient,2
aquatic,2
manifests,2
sages,2
chant,2
pleading,2
horsemen,2
reminders,2
affliction,2
toothed,2
glorious,2
dances,2
prophecies,2
wherever,2
summoned,2
silks,2
explosives,2
peasant,2
explosion,2
bottle,2
chestnut,2
touching,2
envious,2
hulking,2
snatch,2
dives,2
tidal,2
display,2
beetle,2
rows,2
psychedelic,2
mistvial,2
requirement,2
vague,2
sergeants,2
judgement,2
retrieved,2
retriever,2
bounding,2
witnesses,2
verdict,2
sentence,2
stripped,2
possessions,2
cleavingblade,2
transition,2
celebrated,2
promises,2
spiders,2
text,2
redmail,2
stirs,2
build,2
got,2
almost,2
crash,2
survives,2
greatspear,2
rob,2
sad,2
chicken,2
heavenly,2
thrashing,2
infant,2
bladder,2
smug,2
musician,2
insists,2
radlef,2
ribbons,2
badly,2
proof,2
unnatural,2
compelled,2
rotating,2
showing,2
locked,2
forces,2
slender,2
furs,2
delivering,2
losing,2
encourages,2
froghelm,2
fearful,2
apple,2
misshapen,2
floor,2
recognise,2
calculations,2
terrorising,2
towershield,2
spine,2
sanctuary,2
spined,2
burrow,2
sprout,2
matters,2
everflask,2
contains,2
ire,2
mettle,2
thirst,2
earthly,2
teetering,2
destiny,2
immolated,2
fleshy,2
spoken,2
wax,2
concealing,2
jealous,2
shoot,2
obscure,2
gatherer,2
sniff,2
icy,2
mummified,2
murmur,2
halt,2
sealing,2
illusion,2
tricked,2
motif,2
etched,2
tinkerer,2
parades,2
paired,2
strict,2
bracelet,2
solas,2
drinks,2
sounds,2
walk,2
awakens,2
rapidly,2
bejewelled,2
bearded,2
deposed,2
finely,2
says,2
fungus,2
rot,2
collect,2
casting,2
strips,2
discordant,2
asleep,2
duckweed,2
warns,2
girl,2
appearing,2
serious,2
ducks,2
forgetting,2
bond,2
allows,2
tumble,2
creation,2
scared,2
shrieking,2
horrors,2
lurk,2
closer,2
unfold,2
lads,2
smashes,2
wolflike,2
noticed,2
rejected,2
yawns,2
melting,2
flaming,2
packed,2
lunch,2
cocoon,2
cure,2
community,2
beheaded,2
glossy,2
duration,2
thunderous,2
melca,2
collapses,2
echoes,2
withers,2
bug,2
greatest,2
net,2
swim,2
satisfied,2
occurs,2
crystals,2
brawler,2
device,2
coloured,2
hellion,2
jules,2
catchers,2
wreckage,2
science,2
wonders,2
hooper,2
mythic,1
layout,1
illustration,1
alec,1
sorensen,1
editing,1
sarah,1
acton,1
selected,1
inspirations,1
yochai,1
gal,1
kingdoms,1
sophia,1
tinney,1
mausritter,1
isaac,1
williams,1
neverland,1
andrew,1
kolb,1
pendragon,1
prince,1
runecairn,1
colin,1
le,1
sueur,1
rights,1
publication,1
reproduced,1
distributed,1
transmitted,1
photocopying,1
recording,1
electronic,1
mechanical,1
prior,1
quotations,1
embodied,1
reviews,1
noncommercial,1
requests,1
write,1
bastionlandpress,1
gmail,1
http,1
www,1
misten,1
witsome,1
adwell,1
hushed,1
aside,1
snakelene,1
awrenched,1
contents,1
oddpocrypha,1
section,1
straight,1
wanderer,1
scopes,1
generate,1
chronicle,1
saga,1
indeterminate,1
conclusion,1
public,1
tournaments,1
winning,1
spectacle,1
remembered,1
victorious,1
manoeuvring,1
dictates,1
dominant,1
merely,1
proves,1
opposition,1
overcome,1
united,1
collective,1
unsure,1
talent,1
rations,1
companies,1
fewer,1
saves,1
relevant,1
readied,1
miss,1
appropriate,1
context,1
unfavourable,1
traps,1
ambushes,1
described,1
prevents,1
boldest,1
ignoble,1
added,1
alternatively,1
follower,1
bonuses,1
subtract,1
aided,1
respectively,1
spent,1
reducing,1
exactly,1
exceeds,1
untended,1
referred,1
danger,1
fatigue,1
performing,1
spending,1
indulging,1
sizeable,1
bundle,1
dedicated,1
components,1
resolving,1
bloodless,1
distress,1
disfigurement,1
stun,1
drowns,1
rupture,1
compressed,1
gouge,1
stitched,1
concussion,1
finger,1
thumb,1
chunk,1
scalp,1
crack,1
torturous,1
mutilation,1
prosthetic,1
cheated,1
humiliation,1
dolorous,1
achieve,1
specifics,1
user,1
rebuff,1
original,1
dismount,1
disarming,1
removing,1
dismounting,1
tactical,1
purely,1
began,1
engaged,1
targeted,1
jousts,1
mutually,1
agree,1
simultaneously,1
shieldwalls,1
bucklers,1
wavering,1
rout,1
organised,1
disorganised,1
affect,1
routed,1
repairs,1
conventional,1
gates,1
viable,1
rampart,1
colliding,1
passengers,1
longship,1
warship,1
battering,1
thrower,1
launcher,1
trebuchet,1
recruitment,1
agreed,1
rested,1
poorly,1
skirmishers,1
exchange,1
frequent,1
trades,1
pledges,1
cooperation,1
widely,1
available,1
restrictions,1
pitchfork,1
curvebow,1
category,1
rarer,1
heater,1
cuirass,1
assistance,1
sewing,1
smithing,1
kit,1
lute,1
alchemy,1
extravagant,1
props,1
plus,1
secrecy,1
likely,1
limits,1
lifetime,1
dedication,1
servant,1
sentry,1
quasi,1
potions,1
sellsword,1
confident,1
win,1
fractured,1
ruled,1
seniority,1
legitimacy,1
esteem,1
expectations,1
rely,1
expected,1
customs,1
retirement,1
motions,1
weave,1
mapped,1
landlocked,1
copy,1
hecksleague,1
represents,1
factors,1
fort,1
overlook,1
hike,1
variety,1
clusters,1
edges,1
altitude,1
impassible,1
travelled,1
sixth,1
navigable,1
apart,1
towns,1
surrounding,1
designate,1
contain,1
discovered,1
icon,1
check,1
pages,1
dwellings,1
discover,1
monuments,1
inspiration,1
hazards,1
devise,1
solution,1
curses,1
blights,1
counts,1
remnants,1
hint,1
currently,1
active,1
bordered,1
wasteland,1
disputed,1
focuses,1
uncover,1
however,1
occasion,1
zoom,1
areas,1
caverns,1
misty,1
plotted,1
method,1
corners,1
triangles,1
navigated,1
erase,1
assign,1
connected,1
straightforward,1
paths,1
connecting,1
applicable,1
optional,1
blackmoss,1
isle,1
cove,1
requiring,1
piloting,1
gulls,1
secure,1
harbour,1
passageway,1
waterlogged,1
currents,1
secured,1
raging,1
waters,1
hoard,1
starting,1
rearrange,1
distribution,1
suits,1
complex,1
entrances,1
refereeing,1
generated,1
core,1
honouring,1
describing,1
procedures,1
improvise,1
evokes,1
themes,1
inhabitants,1
indulges,1
reinforces,1
cues,1
generating,1
ideas,1
consult,1
potentially,1
advance,1
lessen,1
resolve,1
threaten,1
escalate,1
observable,1
discuss,1
preparation,1
strengthen,1
midspring,1
sceptremass,1
renew,1
vows,1
tax,1
unions,1
contests,1
midharvest,1
eldermass,1
assembly,1
associates,1
tithe,1
midwinter,1
kindlemass,1
goodwill,1
levy,1
crafted,1
learning,1
seasoned,1
considering,1
weeks,1
seasonal,1
pursuit,1
earn,1
trek,1
gallop,1
cruise,1
br,1
dictate,1
occur,1
improbable,1
nighttime,1
firewood,1
tracked,1
essential,1
etc,1
making,1
drift,1
progress,1
gauge,1
occupied,1
decline,1
diverse,1
cliffs,1
clearings,1
blanks,1
commit,1
achievable,1
obstacle,1
unclear,1
stamina,1
mental,1
quickness,1
overview,1
folklore,1
depends,1
roamed,1
rumours,1
maladies,1
freely,1
describes,1
going,1
east,1
formally,1
smoothly,1
revoke,1
scorned,1
equipping,1
monitoring,1
envoy,1
managing,1
invite,1
visiting,1
sit,1
equals,1
assigned,1
tasks,1
depending,1
handled,1
retainers,1
lesser,1
responsibilities,1
petitioners,1
representatives,1
audience,1
exercise,1
management,1
calamity,1
dilemma,1
prosperity,1
apply,1
lawlessness,1
fields,1
stores,1
toil,1
spirits,1
unease,1
assert,1
pretenders,1
elevated,1
troops,1
muster,1
armament,1
tithes,1
levies,1
strain,1
increased,1
coffers,1
willingly,1
courtly,1
tread,1
solutions,1
personally,1
association,1
worlds,1
brutality,1
audacity,1
unchallenged,1
tend,1
period,1
adapting,1
quo,1
designs,1
roads,1
majority,1
heath,1
sparse,1
peaks,1
teeming,1
valley,1
vivid,1
glades,1
sapphire,1
billows,1
slate,1
dapple,1
rays,1
shimmer,1
inky,1
ripples,1
pearlescent,1
mucky,1
churn,1
cobalt,1
surge,1
verdigris,1
surf,1
bubbles,1
persistent,1
humidity,1
drizzle,1
harsh,1
flora,1
grasses,1
blooming,1
brambles,1
fruitful,1
ferns,1
brittle,1
conifers,1
saplings,1
sturdy,1
resinous,1
fauna,1
watchful,1
ungulates,1
graceful,1
mischievous,1
amphibians,1
felines,1
placid,1
hawks,1
mustelids,1
fowl,1
bears,1
monolith,1
desecrated,1
henge,1
colours,1
otherworld,1
flats,1
stairs,1
craters,1
cavern,1
dunes,1
civilisation,1
timber,1
turrets,1
battlements,1
fortified,1
dome,1
unfinished,1
beacons,1
welcoming,1
bailey,1
marketplace,1
library,1
sophisticated,1
forum,1
hallowed,1
rustic,1
workshops,1
bustling,1
immaculate,1
garrison,1
centrepiece,1
advisers,1
wreaths,1
chandelier,1
tapestries,1
crunchy,1
stew,1
salted,1
porridge,1
textile,1
innovative,1
luxuries,1
rarity,1
antique,1
jewel,1
spice,1
scarce,1
fragrance,1
hazardous,1
flawless,1
artwork,1
esoteric,1
ore,1
mythical,1
brawl,1
jealousy,1
rivalry,1
infidelity,1
coup,1
redemption,1
inheritance,1
revelation,1
assassin,1
banishment,1
manipulation,1
incident,1
abduction,1
prophecised,1
mysterious,1
sanctioned,1
exodus,1
escalating,1
pensive,1
market,1
divided,1
sceptical,1
festival,1
nostalgic,1
unified,1
bleak,1
role,1
physique,1
robust,1
hard,1
haggard,1
eclectic,1
gaudy,1
drab,1
functional,1
elegant,1
poetic,1
mumbled,1
rambling,1
passionate,1
terse,1
melodic,1
erratic,1
friendly,1
personality,1
demeanour,1
botany,1
spiritual,1
intellectual,1
gambling,1
art,1
empathetic,1
cookery,1
melancholic,1
fashion,1
relationship,1
connection,1
lover,1
estranged,1
spouse,1
supporter,1
harmonious,1
intimate,1
tumultuous,1
resentful,1
motive,1
mastery,1
guilt,1
recognition,1
defiance,1
investigate,1
retrieve,1
monument,1
mend,1
salvage,1
conceal,1
background,1
upbringing,1
pious,1
migration,1
study,1
insular,1
nomadic,1
drudgery,1
mercantile,1
academic,1
insomnia,1
migraines,1
intermittent,1
arthritis,1
medicated,1
fixation,1
blindness,1
unexplained,1
deafness,1
diminishing,1
shaking,1
debilitating,1
coughing,1
palette,1
brilliant,1
airy,1
tool,1
skirmisher,1
zealous,1
conscript,1
infiltrator,1
infantry,1
fearsome,1
cleaver,1
manoeuvres,1
feint,1
demoralise,1
negotiate,1
relocate,1
taunt,1
expose,1
jab,1
provoke,1
intimidate,1
dispute,1
border,1
religion,1
animosity,1
truce,1
skirmishes,1
standoff,1
occupation,1
deceit,1
tension,1
waterway,1
bloodfeud,1
negotiations,1
stipulation,1
timed,1
partner,1
unarmoured,1
trenches,1
deployment,1
chevron,1
deceptive,1
shielded,1
flank,1
skirmish,1
block,1
dispersed,1
wedge,1
defensive,1
encircle,1
reserves,1
diversion,1
pillage,1
outlast,1
bluff,1
overwhelm,1
decoy,1
divide,1
counter,1
discipline,1
falter,1
sabotage,1
opportunists,1
deception,1
confusion,1
loot,1
worsening,1
discovery,1
refer,1
honorific,1
titles,1
exhaustive,1
differ,1
mantle,1
includes,1
witnessing,1
talon,1
mock,1
lists,1
associated,1
remembering,1
visually,1
replaces,1
shift,1
inferno,1
brake,1
petulant,1
punitive,1
liar,1
honesty,1
malicious,1
bearing,1
fragrant,1
omitting,1
birdcall,1
clang,1
contagious,1
diseased,1
coot,1
moaning,1
ivy,1
son,1
symptoms,1
harbinger,1
carrier,1
stump,1
cleanse,1
infection,1
daily,1
maccan,1
dirmad,1
duncas,1
firepots,1
malady,1
fatal,1
transmission,1
swelling,1
bodily,1
fluids,1
wasting,1
ingestion,1
convulsion,1
immersed,1
adeep,1
attached,1
wildrope,1
understands,1
spare,1
otter,1
hare,1
ferret,1
artistic,1
squirrel,1
engineering,1
minds,1
bigger,1
oldest,1
lonesome,1
sat,1
strayed,1
slope,1
climbed,1
illusions,1
drank,1
brin,1
catrona,1
elish,1
visored,1
wallerhook,1
annick,1
excessive,1
silverseeker,1
empowered,1
mohan,1
orla,1
punches,1
overstaffed,1
inspection,1
victories,1
amassed,1
fame,1
unsurpassed,1
greatlance,1
stallion,1
bloodlust,1
shark,1
timid,1
flatstones,1
marbled,1
inconsolable,1
sympathy,1
idealistic,1
collecting,1
invoke,1
sadness,1
toned,1
scraps,1
stimulates,1
trespassers,1
sorrows,1
answering,1
herd,1
respects,1
islands,1
appeased,1
displays,1
vestige,1
despair,1
funerary,1
imagery,1
orwan,1
greencloaked,1
necklace,1
coalin,1
mournful,1
robed,1
frost,1
childish,1
resistant,1
bullish,1
defeating,1
ale,1
reed,1
patterns,1
chopped,1
creek,1
appeasing,1
annoyingly,1
vivacious,1
sniffing,1
outcropping,1
sinful,1
necessary,1
newborn,1
heal,1
spawning,1
starback,1
toothless,1
regenerating,1
venomous,1
refton,1
cudgels,1
tog,1
hooksword,1
money,1
riverboats,1
raiding,1
youths,1
safety,1
wisest,1
mosstongue,1
uncut,1
shunning,1
naturality,1
spirals,1
fuelling,1
contempt,1
admiration,1
jack,1
knot,1
fess,1
crawling,1
hatch,1
lurch,1
directions,1
serrated,1
soars,1
clutches,1
blessed,1
fearing,1
hopeless,1
plotting,1
cowering,1
bloating,1
disgusted,1
flyer,1
abomination,1
unhinged,1
frog,1
stomach,1
scorpion,1
snout,1
goreful,1
upright,1
whalebone,1
awareness,1
superior,1
cowl,1
beaked,1
visor,1
psychotropic,1
tinctures,1
dissipate,1
crept,1
hoarder,1
huntsman,1
bloodhound,1
oppressive,1
tripping,1
alerted,1
deals,1
piles,1
bric,1
brac,1
gloats,1
cleverness,1
indebted,1
favourite,1
ninety,1
yapping,1
roth,1
practice,1
selling,1
needles,1
hats,1
knives,1
scarves,1
shoes,1
titans,1
smithreened,1
youth,1
intact,1
defer,1
senior,1
disagree,1
riverside,1
pine,1
outcome,1
battles,1
climactic,1
farther,1
figments,1
believed,1
inert,1
binds,1
fiercely,1
breathless,1
wildcats,1
horrific,1
mouse,1
hurl,1
retreating,1
stumps,1
dropped,1
glaiburn,1
hides,1
tusk,1
entwined,1
approaching,1
descent,1
frantic,1
leafy,1
trailway,1
beacon,1
sunnen,1
martyr,1
teacher,1
enthroned,1
precious,1
ultimate,1
humiliating,1
contacts,1
rejoiced,1
worshippers,1
rejoicing,1
mistrustful,1
escorting,1
rogue,1
sacrificed,1
rattle,1
cheering,1
feliz,1
gornig,1
tayley,1
greymender,1
scartooth,1
swans,1
chimes,1
miraculous,1
terrors,1
earthquake,1
tamed,1
aguele,1
untamed,1
tack,1
comprehensible,1
reasoning,1
inclined,1
prove,1
plaited,1
eternally,1
lace,1
blacksmiths,1
mistreatment,1
seizing,1
bolting,1
frenzy,1
boggy,1
justify,1
peers,1
weakness,1
transporting,1
inferior,1
freed,1
towerhelm,1
thicksword,1
crusher,1
kick,1
calmed,1
conscripts,1
billhooks,1
longbows,1
longaxes,1
shortbows,1
rise,1
remade,1
meanings,1
opposites,1
listener,1
integrity,1
discredit,1
shrunken,1
canine,1
feline,1
grafted,1
species,1
wrent,1
unborn,1
seriously,1
vultures,1
forager,1
tethered,1
skeletons,1
powered,1
artisans,1
conjured,1
falx,1
grizzlebird,1
vermin,1
obedience,1
intolerance,1
castellan,1
plant,1
putrid,1
vulnerability,1
craven,1
lonely,1
apothecary,1
balon,1
hookhammer,1
dropping,1
gauntlet,1
flockbond,1
fisherhawk,1
dive,1
nocturnal,1
raven,1
intelligent,1
delivery,1
semblance,1
visitor,1
genuinely,1
archway,1
flicker,1
ravens,1
caw,1
clanging,1
forging,1
shatters,1
unsheathed,1
hung,1
lilac,1
leaved,1
artificial,1
shine,1
owed,1
creeping,1
valenta,1
religious,1
dadiness,1
fungi,1
murmuring,1
mirrored,1
provide,1
chattering,1
discontent,1
infuse,1
apathy,1
reputation,1
begrudging,1
eccentric,1
merchant,1
chronicler,1
surly,1
admired,1
breeder,1
innkeeper,1
speaking,1
dangerous,1
callous,1
leech,1
snatched,1
bonegrinding,1
argumentative,1
complains,1
tipped,1
aren,1
behaving,1
correctly,1
camp,1
limeweed,1
pungent,1
suppressor,1
untouched,1
wurmshield,1
unearned,1
stinking,1
lounges,1
mounds,1
stimulating,1
slo,1
writhe,1
shower,1
debris,1
kermac,1
cado,1
zune,1
shena,1
marlo,1
yazakel,1
repugnant,1
personalities,1
aggrandise,1
insult,1
submission,1
entice,1
comings,1
goings,1
thread,1
beaten,1
sanguine,1
traces,1
viewed,1
studying,1
code,1
battling,1
raided,1
tyrant,1
voids,1
revered,1
guest,1
prone,1
unwelcome,1
moors,1
paddock,1
rein,1
chomp,1
sheepdogs,1
slaughtered,1
poets,1
scribes,1
snarling,1
growls,1
wanderers,1
interruption,1
challenger,1
toying,1
lapping,1
screeching,1
blockaded,1
savagely,1
heaps,1
den,1
tolerance,1
civility,1
scruff,1
scrag,1
scab,1
runt,1
nayl,1
fatteth,1
rollybird,1
terrorise,1
disarm,1
dig,1
glown,1
glaneth,1
greatblade,1
amulet,1
patient,1
immunities,1
avarice,1
steady,1
pastime,1
taught,1
painting,1
sculpture,1
father,1
brother,1
glimpsed,1
awake,1
waking,1
companions,1
theirs,1
prentise,1
gaze,1
am,1
grunts,1
toads,1
sprouting,1
sowing,1
dreamt,1
embarrassing,1
couldn,1
flutter,1
spiralling,1
dozens,1
wheeling,1
ascent,1
sprouts,1
manifested,1
silvertongue,1
attractive,1
lick,1
infusion,1
biter,1
blacked,1
gleeful,1
anticipation,1
affair,1
vice,1
artisan,1
crime,1
illicit,1
rav,1
ning,1
belong,1
ringed,1
combined,1
maximum,1
prestige,1
substance,1
beans,1
smoked,1
dizzy,1
upside,1
perspectives,1
suspended,1
glore,1
amark,1
warborne,1
cook,1
belts,1
songs,1
owners,1
chapel,1
forsake,1
unbroke,1
greedsome,1
whereabouts,1
bloodied,1
sharpening,1
edge,1
steaming,1
destroys,1
scalds,1
lured,1
sifrex,1
ilglamvent,1
fia,1
elga,1
ness,1
ruac,1
longknife,1
angelic,1
granddad,1
rollyromple,1
rockbug,1
plated,1
scuttering,1
appeal,1
erdyg,1
belwin,1
gwelhelm,1
butcher,1
ordrig,1
regan,1
lervlin,1
heed,1
branchspear,1
immovable,1
greenery,1
elegance,1
foretell,1
cheery,1
stablehand,1
litwitte,1
pitly,1
stronger,1
nae,1
littered,1
detritus,1
grabs,1
avail,1
deserter,1
grunt,1
scouring,1
minutes,1
camped,1
lacerations,1
firing,1
farthest,1
approached,1
pulling,1
invade,1
greyveil,1
instinctive,1
untrained,1
uniforms,1
whipped,1
mangled,1
sliced,1
wrought,1
oubliette,1
irons,1
dirt,1
cell,1
climbing,1
stair,1
aloft,1
bask,1
vicarious,1
scaldrine,1
smoldant,1
evermore,1
bats,1
descend,1
partake,1
plays,1
adequately,1
eight,1
meeting,1
conclude,1
stomps,1
scaldris,1
feeds,1
frustration,1
enthralled,1
clothing,1
wormy,1
sheets,1
peat,1
grease,1
vinegar,1
soaked,1
rags,1
beware,1
kindly,1
festooning,1
flags,1
spikehammer,1
rousing,1
inspiring,1
topper,1
chevrons,1
fishtail,1
bars,1
seashell,1
manic,1
carver,1
wodwale,1
meticulously,1
sunflower,1
stab,1
severance,1
regrown,1
warpsome,1
atatter,1
itchy,1
interferes,1
withering,1
stirring,1
furniture,1
cobbled,1
drags,1
lays,1
hacking,1
bits,1
pelvis,1
regeneration,1
cursed,1
flailing,1
regenerate,1
sammesrede,1
baton,1
injured,1
honest,1
amoral,1
shameless,1
flattened,1
chewed,1
bitterglaive,1
significantly,1
unmatched,1
wayfinder,1
inquisition,1
wrangle,1
uncooperative,1
fractal,1
collection,1
afterwards,1
slumber,1
fiendsome,1
reincarnations,1
singer,1
beating,1
lyrics,1
apprehended,1
feeding,1
gloating,1
corona,1
slaughtering,1
sprouted,1
ul,1
huroc,1
bypassed,1
drenched,1
seerblood,1
eonah,1
nissi,1
franga,1
awaiting,1
ethne,1
temper,1
veins,1
amnesia,1
protruding,1
boundaries,1
delusions,1
meek,1
restores,1
untested,1
outright,1
rosemary,1
hallucination,1
pepper,1
stimulation,1
garlic,1
giddiness,1
absent,1
mindedness,1
watched,1
limbed,1
churns,1
jaden,1
tides,1
ringen,1
entwines,1
ocean,1
spell,1
wolfcrabs,1
scavenging,1
beaches,1
batters,1
bowyery,1
boars,1
shelter,1
surging,1
coots,1
honk,1
protest,1
sources,1
devastation,1
quelled,1
devout,1
ganthyrn,1
wolfcrab,1
bluebrine,1
hyena,1
alahag,1
whitemail,1
brightsword,1
dazzled,1
bearer,1
flotsam,1
jetsam,1
tablet,1
barnacled,1
spiny,1
dose,1
applied,1
homage,1
remotely,1
brev,1
cradokke,1
artful,1
shrinking,1
bestowed,1
bends,1
whimsy,1
showed,1
sheltered,1
wishing,1
usher,1
potent,1
leaping,1
prefer,1
coredis,1
flaunt,1
tizra,1
vioth,1
santrosal,1
strawlike,1
patience,1
kilunar,1
tasiviza,1
smoothbark,1
superiority,1
jewellery,1
tolerate,1
outlasts,1
braces,1
greatly,1
belonging,1
modesty,1
treachery,1
intensely,1
intoxicated,1
laden,1
decipher,1
courier,1
sparenot,1
relaxing,1
lumberwrack,1
log,1
cleave,1
furnishings,1
scratched,1
gnaws,1
secluded,1
birdsong,1
spared,1
appease,1
rumblings,1
chasm,1
canyon,1
wella,1
gall,1
restitched,1
delusion,1
embernip,1
pleasant,1
gluttony,1
pasco,1
maps,1
arcing,1
whistling,1
hissing,1
buzzing,1
echoing,1
boom,1
crashing,1
cried,1
hearts,1
asank,1
pulsed,1
wail,1
antler,1
antlered,1
carnage,1
fanfare,1
doubled,1
bluntness,1
dissonant,1
intertwined,1
coiling,1
droning,1
fussed,1
gorge,1
interpret,1
rejects,1
digging,1
care,1
bleed,1
undeterred,1
traders,1
thieves,1
writhes,1
convulses,1
drod,1
swipes,1
suffered,1
flint,1
bardiche,1
greatbow,1
serenous,1
quietest,1
impure,1
soar,1
grisly,1
footed,1
serenity,1
defeats,1
vengeance,1
achieving,1
limitation,1
sprint,1
unprovoked,1
sunlit,1
fragile,1
shuddering,1
triumph,1
stretching,1
spiteful,1
follies,1
worth,1
escorts,1
carts,1
efforts,1
haul,1
horseback,1
sparking,1
titanic,1
dazzling,1
berech,1
partisan,1
perfection,1
wazzletard,1
easily,1
startled,1
hardship,1
visual,1
melodramatic,1
bronzestudded,1
related,1
noting,1
showmanship,1
deliberately,1
tales,1
farce,1
reincarnation,1
tragedy,1
silvered,1
shuffles,1
weighed,1
filigree,1
barest,1
hints,1
bursten,1
graven,1
crater,1
footprints,1
distraught,1
chickens,1
swathe,1
triumphs,1
followers,1
ego,1
slighted,1
doubted,1
proving,1
mere,1
driving,1
arayda,1
avenge,1
frecko,1
parafusa,1
slight,1
disgust,1
appreciate,1
squander,1
inclad,1
shelldy,1
aawone,1
beakhammer,1
wellrestedness,1
imparted,1
encrusted,1
toasty,1
almond,1
volcanic,1
dripping,1
crabbe,1
starving,1
nought,1
falsely,1
visibility,1
blows,1
staring,1
buzzards,1
wastelands,1
disembodied,1
parched,1
unleashes,1
eadon,1
frith,1
burhow,1
cooking,1
grimecrow,1
reduce,1
mention,1
entertainment,1
fits,1
bag,1
gotten,1
retroactive,1
forethought,1
distraction,1
valuables,1
keepsakes,1
hairpin,1
figurine,1
dodge,1
symbols,1
unobserved,1
cease,1
ajoys,1
coldstone,1
stare,1
pray,1
coals,1
descended,1
laying,1
unsuspecting,1
peacocks,1
magnificent,1
mistaken,1
knighthoods,1
uphill,1
castian,1
glamorous,1
gemtongue,1
gluttontiger,1
mouthful,1
ennad,1
merryn,1
cliffside,1
bushes,1
soddled,1
loam,1
grottling,1
dusky,1
agloam,1
wading,1
stance,1
waist,1
filth,1
hums,1
tunefully,1
brazen,1
welded,1
probable,1
brighter,1
blocking,1
patrolled,1
birdlike,1
central,1
twenty,1
board,1
starlit,1
gelatinous,1
araya,1
employment,1
blames,1
priority,1
uproot,1
sluggish,1
fated,1
stalward,1
abaited,1
thundring,1
gait,1
tested,1
ramparts,1
unstoppable,1
dash,1
flanged,1
intimidating,1
sobbing,1
darkened,1
corner,1
images,1
ogan,1
charmer,1
burying,1
aurant,1
sov,1
blaze,1
reap,1
moles,1
munching,1
stems,1
peeking,1
basket,1
unusually,1
ripe,1
bounty,1
grotto,1
raid,1
drought,1
wells,1
hardens,1
boons,1
banes,1
blazenose,1
pleasantly,1
opal,1
harnis,1
raschle,1
boon,1
outdoor,1
cropfield,1
merchants,1
insect,1
swarms,1
abrash,1
rued,1
cheered,1
feud,1
shirt,1
betrayed,1
glamourie,1
hours,1
trustworthy,1
socially,1
overindulging,1
disloyalty,1
promise,1
slander,1
neglect,1
billowing,1
flashing,1
fabric,1
dishonesty,1
neth,1
ren,1
neyn,1
loomer,1
sloped,1
scrubland,1
due,1
spots,1
ferocious,1
revellers,1
idol,1
totem,1
keeping,1
panicking,1
laments,1
bar,1
waning,1
lobster,1
scything,1
pincers,1
nettles,1
brawn,1
brain,1
deathless,1
queen,1
esved,1
sever,1
toe,1
mouldy,1
horseshoe,1
butterfly,1
supposed,1
indeed,1
feasts,1
fruits,1
nog,1
nosh,1
nut,1
fills,1
books,1
snippet,1
arboreal,1
archive,1
access,1
alertness,1
merits,1
meditations,1
raaaaaargh,1
yaaaaaaaaaarrrgh,1
scribbles,1
adored,1
dewyn,1
vanity,1
dutiful,1
grind,1
kneel,1
brink,1
disused,1
tells,1
avoids,1
breeders,1
chargers,1
bowing,1
pokes,1
cackle,1
mimics,1
shouts,1
gibberish,1
arrival,1
replaced,1
unsuitable,1
belliore,1
shaggy,1
loathes,1
wheels,1
cockerels,1
resents,1
needing,1
niefib,1
coats,1
entertaining,1
compromise,1
bit,1
properly,1
grabbing,1
script,1
forgetful,1
grip,1
unnoticed,1
deed,1
retroactively,1
took,1
earlier,1
anonymity,1
portraying,1
weathered,1
trimmed,1
threadbare,1
blink,1
several,1
thoughts,1
overwhelmed,1
grown,1
aborn,1
alive,1
finches,1
nests,1
skipped,1
beginning,1
lingers,1
irregular,1
stuttering,1
pace,1
inexorably,1
stalling,1
greasing,1
mix,1
pollen,1
hewgol,1
fathom,1
forgiven,1
environment,1
neighbour,1
archipelago,1
tundra,1
agasp,1
agroan,1
agore,1
afrail,1
ablind,1
loyalties,1
injuries,1
elsewhere,1
worths,1
quill,1
prized,1
duchess,1
obsessed,1
mauled,1
uneaten,1
prowls,1
isolate,1
tracks,1
intends,1
bee,1
fester,1
verispa,1
slysnout,1
hog,1
sized,1
spines,1
toy,1
ashes,1
schemes,1
befriends,1
fake,1
expand,1
dynasty,1
moonly,1
absorb,1
reckless,1
pledge,1
cares,1
impetuosity,1
gave,1
massive,1
gravestone,1
inevitable,1
afernal,1
portenter,1
saturated,1
salamanders,1
agonised,1
briar,1
temporary,1
melted,1
birthing,1
lizards,1
belly,1
incinerates,1
yfran,1
salamander,1
helmeck,1
plot,1
burglary,1
wealthy,1
confidence,1
con,1
respectfulness,1
properties,1
rubies,1
spectral,1
restricted,1
urn,1
include,1
ursell,1
burly,1
competing,1
happiness,1
sluggal,1
umbrage,1
knit,1
gastrell,1
deck,1
grile,1
grim,1
kings,1
gloreday,1
dim,1
weavers,1
captives,1
because,1
shivering,1
catacombs,1
hilltop,1
coarse,1
weekly,1
afford,1
repulsive,1
pretender,1
muscles,1
knife,1
recovers,1
looked,1
nattlesnap,1
twigs,1
stomachs,1
gravid,1
beats,1
ferrous,1
sheen,1
mallenstroke,1
aworn,1
irritating,1
gas,1
impairing,1
helmed,1
tempering,1
scorched,1
threshold,1
blistered,1
branded,1
aeath,1
stygic,1
whisp,1
prance,1
woestich,1
gos,1
mer,1
storks,1
webbed,1
makeshift,1
network,1
skittering,1
gloomy,1
interference,1
summons,1
inquires,1
cheerily,1
informs,1
withdraws,1
spinjack,1
paralysis,1
retreats,1
alskip,1
aspect,1
stork,1
cruorsnipe,1
corporant,1
razor,1
abdomen,1
lumenlight,1
ascratch,1
faten,1
unveiled,1
scrawl,1
pillar,1
destinous,1
sigil,1
etch,1
adjust,1
thunderstorm,1
repels,1
soothes,1
locusts,1
eases,1
freezes,1
said,1
soggy,1
mossen,1
thundry,1
flare,1
thrice,1
membered,1
lore,1
bombarding,1
dipped,1
admonishes,1
intrusion,1
stoops,1
shrubbery,1
plucking,1
eater,1
saltstone,1
quell,1
mourns,1
nimbrel,1
tanselie,1
petal,1
locket,1
watering,1
scathara,1
disobeying,1
expel,1
conflicts,1
exacerbated,1
decades,1
resentment,1
heartbreak,1
dregs,1
damnlings,1
sway,1
brood,1
gifted,1
catcher,1
snared,1
securely,1
titan,1
bitten,1
scavenger,1
complain,1
arrowhead,1
bracers,1
hastily,1
marks,1
dented,1
groin,1
halves,1
opinions,1
predictions,1
sullen,1
shrieks,1
drifts,1
surges,1
crumbled,1
arisen,1
surrounds,1
threatens,1
rests,1
reassembling,1
bellow,1
formless,1
incense,1
chilled,1
royal,1
kingstaff,1
laws,1
eyeball,1
loom,1
recall,1
experienced,1
limitations,1
contemplation,1
maybe,1
introversion,1
gatherings,1
relationships,1
quite,1
appendages,1
cleanest,1
allowing,1
creaking,1
hunches,1
unmarked,1
announces,1
wightsword,1
killer,1
washer,1
catfold,1
deaths,1
impaled,1
pressed,1
stuffed,1
encased,1
ahigh,1
lumous,1
lift,1
weightless,1
limping,1
hurried,1
shockwave,1
authenticity,1
recalled,1
prongs,1
telescopic,1
shaft,1
loosely,1
precisely,1
cot,1
funeral,1
procession,1
perches,1
clattering,1
hut,1
shreds,1
begging,1
lashes,1
wordlessly,1
delsonde,1
progresses,1
enraged,1
successes,1
kolto,1
enc,1
agid,1
staffs,1
afflictions,1
attitude,1
deserve,1
denial,1
oblivious,1
aflow,1
flickerlamp,1
casts,1
blueish,1
received,1
yield,1
responds,1
objection,1
martyrdom,1
gil,1
unbirthed,1
reedy,1
messengers,1
brothers,1
materialises,1
ossoanamme,1
netherplume,1
nirrow,1
longstaff,1
chainmail,1
lowly,1
convinced,1
kindness,1
pinecone,1
hellfire,1
drake,1
gizzard,1
firebird,1
egg,1
tendrils,1
coil,1
snatching,1
tameless,1
furred,1
angles,1
burrows,1
crackled,1
snatches,1
undergrowth,1
howling,1
dominance,1
gripped,1
fevych,1
adornments,1
chitinous,1
panther,1
colouring,1
reprimand,1
requirements,1
eruption,1
source,1
illuminates,1
valour,1
canvas,1
dyed,1
conjures,1
train,1
apon,1
charity,1
sentenced,1
harshly,1
courtyard,1
testifying,1
materialised,1
awaits,1
judging,1
ambrageft,1
judgementsword,1
lyo,1
tonnel,1
muntin,1
checkerboard,1
longcoats,1
polehooks,1
lawhound,1
azdart,1
obeys,1
imprisonment,1
evidence,1
afold,1
asplint,1
atold,1
pauldrons,1
hinting,1
sharpness,1
diligence,1
shortcut,1
contentment,1
desperation,1
expression,1
clearer,1
celebrations,1
caring,1
blasting,1
condemns,1
announcing,1
interrogating,1
beset,1
enforcing,1
curfew,1
ordering,1
lit,1
mahogany,1
diadem,1
fraud,1
alnect,1
garb,1
vanguard,1
grudges,1
horrortrix,1
harasses,1
suggestion,1
invaders,1
rebellion,1
listen,1
immortal,1
fortifications,1
ofust,1
lot,1
hushingbell,1
suffers,1
egality,1
bravely,1
avenged,1
galloped,1
escaped,1
rescued,1
shrugged,1
fists,1
menace,1
unreliable,1
flashes,1
ere,1
guts,1
breathing,1
heavily,1
stalking,1
drove,1
idyllic,1
vineyard,1
targeting,1
specifically,1
miming,1
unmask,1
rustigore,1
ferrigras,1
brassy,1
impale,1
worked,1
dristoc,1
friswold,1
ulf,1
experience,1
coyote,1
longhammer,1
wolfnuts,1
auburn,1
sunder,1
temperance,1
rivals,1
sons,1
lambasts,1
devolves,1
clever,1
outwits,1
literal,1
cliffhanger,1
poet,1
lived,1
happily,1
tortoise,1
bristling,1
colonies,1
eaters,1
sweeps,1
blotting,1
shricking,1
plunges,1
sending,1
bathing,1
hobble,1
ascends,1
flattening,1
crutch,1
quilt,1
flimsy,1
hoe,1
bundles,1
arg,1
aur,1
decisions,1
jaunty,1
arctic,1
flip,1
generosity,1
generously,1
nobles,1
effort,1
greedy,1
disciple,1
tyack,1
quail,1
spoil,1
loaf,1
taint,1
starve,1
fiend,1
drumming,1
grovelling,1
darkest,1
reluctantly,1
handful,1
pigs,1
cows,1
sate,1
lighting,1
weaponised,1
batbane,1
convictions,1
keork,1
enjoys,1
devouring,1
eyewitness,1
spoiling,1
popular,1
rumour,1
shortening,1
dubious,1
confession,1
evident,1
groomed,1
impression,1
imitation,1
scrutiny,1
sapling,1
wool,1
rods,1
fool,1
kernick,1
wasp,1
patrolling,1
honeyed,1
charmsome,1
bloaty,1
caravan,1
wagons,1
donkeys,1
hauling,1
logs,1
haste,1
slug,1
grateful,1
nestled,1
ribbon,1
reads,1
commends,1
choke,1
sputter,1
syrupy,1
spittle,1
blubbersome,1
jabeck,1
professional,1
blotch,1
sluglike,1
slobbering,1
maw,1
baleful,1
woollen,1
scarf,1
mug,1
splittingaxe,1
ink,1
thousand,1
unchanged,1
vigilance,1
abacus,1
counting,1
fingers,1
calculation,1
patronising,1
peryn,1
goblet,1
greyhound,1
hewn,1
sculpter,1
toils,1
carving,1
prime,1
immortality,1
shakes,1
rumbles,1
awakes,1
bombarded,1
realising,1
mountainside,1
merging,1
woken,1
lansheigh,1
bombs,1
besieger,1
siegehelm,1
ribble,1
rabble,1
ronky,1
donk,1
bounce,1
duckle,1
dine,1
clatter,1
clink,1
clanky,1
tank,1
rib,1
needledagger,1
effortlessly,1
magnate,1
genuine,1
knew,1
acumen,1
cylinder,1
beauty,1
clam,1
unsorted,1
twilight,1
incoherent,1
cogent,1
thorned,1
roams,1
scuttling,1
declares,1
reclaimed,1
impenetrable,1
cutters,1
scutter,1
wanted,1
numberless,1
hordes,1
actually,1
breach,1
cutter,1
hulk,1
objective,1
regroup,1
spawn,1
saline,1
adwells,1
depth,1
mirrow,1
breadth,1
coraline,1
supply,1
inspire,1
activate,1
accepting,1
intrusively,1
gitadel,1
skulks,1
scour,1
harming,1
throes,1
setizi,1
glassy,1
peering,1
visited,1
anguished,1
imprisoned,1
flattering,1
handmirror,1
viewer,1
ideal,1
nameless,1
emit,1
butterflies,1
hummingbirds,1
hedgehogs,1
positivity,1
utter,1
frightens,1
gut,1
entrails,1
sprawled,1
stains,1
intestines,1
sprawl,1
dorza,1
dour,1
killjoy,1
wolfy,1
skarny,1
bygone,1
acraw,1
furied,1
wilting,1
twists,1
branching,1
investigating,1
rushing,1
challengers,1
banishing,1
losers,1
prison,1
prisoners,1
bonehelms,1
boneshields,1
bonehammer,1
boneshield,1
upholder,1
bonelaw,1
bonehelm,1
boneplate,1
ner,1
orn,1
mc,1
shoulder,1
deadtouch,1
piecemeal,1
sprawling,1
glad,1
echostone,1
record,1
repeat,1
phrase,1
boneless,1
gap,1
celestial,1
minute,1
rematerialise,1
constellations,1
handheld,1
lightwood,1
repeating,1
clunk,1
lilting,1
lovingly,1
poetry,1
applauded,1
caretaker,1
enjoy,1
unbound,1
paw,1
nowhere,1
focusing,1
wa,1
wander,1
femple,1
broadshield,1
moorland,1
respite,1
occupy,1
quietude,1
bringing,1
chaotic,1
bloodshed,1
benevolent,1
connections,1
stillen,1
hush,1
blooms,1
alush,1
plinths,1
finds,1
regardless,1
serephyllea,1
gravok,1
therenas,1
scythe,1
hiccups,1
coldness,1
spoiled,1
annoying,1
whimsied,1
whirl,1
guise,1
foxhelm,1
container,1
watertight,1
airtight,1
ploy,1
wits,1
outwitted,1
ebony,1
handle,1
tapered,1
slicer,1
trusts,1
twig,1
wavy,1
splits,1
festooned,1
grudgingly,1
anxious,1
bellringer,1
maldita,1
abrasive,1
leathered,1
isolating,1
tween,1
cog,1
beat,1
onwards,1
compete,1
competitors,1
eliminated,1
genius,1
verbal,1
commands,1
imitating,1
knightliness,1
disobey,1
taunts,1
disarmed,1
etiquette,1
fighter,1
mean,1
soulless,1
intimidation,1
showboats,1
stiff,1
jerky,1
loath,1
ed,1
bill,1
lofty,1
skwarmew,1
captures,1
patterned,1
tempestuous,1
joyfully,1
vertical,1
mixed,1
shipwreck,1
studs,1
thankful,1
floating,1
bobs,1
buoyantly,1
yelping,1
hits,1
ceiling,1
float,1
carter,1
bless,1
safekeeping,1
rejoice,1
harassing,1
confronted,1
fending,1
emboldened,1
vouches,1
innocence,1
horns,1
wields,1
bringers,1
leathery,1
flourishes,1
nets,1
mended,1
sweeter,1
breathtaking,1
twofold,1
memento,1
ironclad,1
scourer,1
announce,1
reminds,1
hilt,1
collar,1
refractive,1
examines,1
closely,1
examination,1
thatcher,1
nieolas,1
acorn,1
smelling,1
endured,1
disturbance,1
shrugs,1
triumphantly,1
waits,1
weakened,1
crawls,1
bubbling,1
submerges,1
boils,1
sins,1
regenerates,1
heals,1
feigns,1
baiting,1
aluane,1
sceptre,1
engraved,1
chalice,1
poble,1
earned,1
spurning,1
capacities,1
honoured,1
relic,1
monarch,1
ribs,1
pitied,1
organ,1
animalistic,1
mushroom,1
overdue,1
inhaling,1
mouths,1
wooded,1
stargazers,1
yelling,1
shifter,1
hallucinogenic,1
shambles,1
squelch,1
seeping,1
bountiful,1
bouncy,1
hallucinations,1
friends,1
nightmare,1
fist,1
colouration,1
ownership,1
impatient,1
wheezing,1
aggressively,1
diligent,1
gills,1
gutly,1
gory,1
trance,1
spidernip,1
arachnids,1
eyed,1
thrift,1
discarded,1
darker,1
hymn,1
dreary,1
rapid,1
yun,1
brown,1
brains,1
spriggle,1
wylde,1
crone,1
greenish,1
bank,1
requested,1
refused,1
reclaim,1
wrundl,1
robe,1
drowsy,1
mucks,1
gurgling,1
splashing,1
sloshing,1
frothing,1
hiss,1
blas,1
acaged,1
hexshield,1
grassy,1
sitting,1
breaker,1
shatter,1
liberty,1
ineffective,1
height,1
pains,1
footsteps,1
accompany,1
deems,1
sunken,1
agrand,1
rips,1
gruff,1
scurries,1
shy,1
happens,1
chases,1
spies,1
builders,1
indulge,1
staggers,1
disputes,1
sovereignty,1
ardwrights,1
architects,1
rockhammer,1
fuse,1
adhesive,1
bulky,1
respected,1
mausoleum,1
endures,1
waver,1
puzzle,1
compelling,1
adamant,1
gossamer,1
silky,1
length,1
distracted,1
elegantly,1
tasting,1
dramatic,1
boring,1
agrime,1
dims,1
urgent,1
thickens,1
leaden,1
curtain,1
haunting,1
defected,1
mistaking,1
clangs,1
striding,1
dew,1
misguided,1
harlger,1
hargler,1
overthrow,1
liege,1
horror,1
stalker,1
gripping,1
bells,1
frequently,1
hooting,1
anarchy,1
crowns,1
phoenix,1
tattooed,1
bestial,1
renown,1
contest,1
befitting,1
strengths,1
favourably,1
closure,1
bought,1
overnight,1
thunderbolts,1
appeared,1
demanded,1
projection,1
forbidden,1
chargoule,1
hearthy,1
joys,1
whilst,1
doth,1
clamber,1
eroded,1
statuary,1
expects,1
amusement,1
carves,1
sculpting,1
statues,1
petrified,1
astergrist,1
tempered,1
petrify,1
reversed,1
pardon,1
mindlessly,1
serves,1
tin,1
hurled,1
bush,1
bountilush,1
indistinct,1
patchy,1
vault,1
wield,1
greatspears,1
satisfying,1
gourmet,1
instantly,1
cools,1
transforms,1
terrifies,1
eels,1
sticky,1
flammable,1
boundless,1
childlike,1
beguile,1
falsehoods,1
truthness,1
vile,1
questioningly,1
captured,1
chased,1
trunk,1
snaps,1
shut,1
trace,1
shapeless,1
quivering,1
beltor,1
rasping,1
malicorn,1
finish,1
clue,1
spoke,1
revealer,1
stark,1
judgemental,1
sharpened,1
witching,1
inch,1
entrenched,1
deepest,1
bequenched,1
yesterday,1
row,1
choice,1
plead,1
rift,1
eel,1
encircles,1
molten,1
guivregule,1
snapping,1
etane,1
damaged,1
hendon,1
terone,1
warfork,1
meaty,1
sausages,1
broth,1
cabbage,1
juice,1
steamed,1
potato,1
lemon,1
gluous,1
parchly,1
stickly,1
sleen,1
emerged,1
chirurgery,1
rootbow,1
resin,1
chrysalent,1
immerse,1
process,1
cleaned,1
submersion,1
sung,1
murdered,1
executed,1
tiniest,1
consideration,1
kano,1
lilt,1
dirge,1
astrung,1
asung,1
rustling,1
sounding,1
rummaging,1
grumbling,1
centipedes,1
workshop,1
rickety,1
fraught,1
insisting,1
orlyndra,1
soothingly,1
quilfrey,1
straggly,1
beard,1
shaky,1
centipede,1
fibrex,1
scuttermum,1
mandibles,1
darkens,1
cleaner,1
faithful,1
rebuked,1
acceptance,1
warmly,1
stole,1
cub,1
seahorse,1
parent,1
unicorn,1
unremarkable,1
busying,1
chores,1
errands,1
reunited,1
bove,1
prayer,1
scrape,1
unharmed,1
seize,1
chop,1
devastated,1
valuing,1
motivation,1
theatrical,1
formed,1
slam,1
snakelike,1
bearlike,1
goatlike,1
squidlike,1
apelike,1
morrow,1
amiss,1
hushcloth,1
warp,1
weft,1
swap,1
detachment,1
disc,1
bola,1
fork,1
blocky,1
humanoid,1
interred,1
health,1
idle,1
murksome,1
skips,1
wished,1
hasn,1
previously,1
healthy,1
peeks,1
directing,1
bloodstain,1
provides,1
cloudy,1
whale,1
dolm,1
impulsive,1
alastig,1
lined,1
icesword,1
whimper,1
oakshield,1
overfed,1
jolting,1
trained,1
melodious,1
chirp,1
stupid,1
fetch,1
weight,1
please,1
agonising,1
crystalline,1
glimmers,1
cheer,1
ushers,1
marches,1
hero,1
excited,1
bicker,1
alerting,1
lurks,1
trophy,1
slathers,1
caked,1
trumpets,1
washing,1
balihanthor,1
castine,1
retire,1
berach,1
shooting,1
mastered,1
faerie,1
heron,1
sated,1
labvrinth,1
lust,1
loathing,1
aqueous,1
repulsion,1
forcefully,1
outstretched,1
entitlement,1
initially,1
picante,1
filling,1
addictive,1
challenging,1
vomit,1
soapy,1
weep,1
purged,1
stepping,1
miner,1
branc,1
hypochondriac,1
ostrich,1
grimely,1
sluggen,1
enscrolled,1
inscriptions,1
recognises,1
promising,1
desired,1
closes,1
launch,1
advising,1
approaches,1
philosophy,1
gliding,1
tutor,1
glossly,1
retracted,1
responsible,1
maintaining,1
overconfidence,1
coiled,1
condemned,1
smile,1
awhile,1
references,1
outdated,1
someone,1
choosing,1
occurring,1
dampen,1
ancestor,1
damned,1
recipient,1
demand,1
discerns,1
vinecloaked,1
altered,1
familiar,1
emanates,1
entry,1
holes,1
stalactites,1
strides,1
payment,1
lymon,1
sid,1
hayma,1
ambralleon,1
flickering,1
milky,1
horrifying,1
ochre,1
mauve,1
turquoise,1
shellbound,1
depths,1
solitude,1
lewd,1
seablade,1
demi,1
salincense,1
seconds,1
haven,1
traded,1
sailors,1
awkwardly,1
image,1
absorbs,1
aches,1
nectar,1
exchanges,1
doomed,1
tallied,1
scribed,1
bereft,1
trappers,1
observations,1
ledge,1
states,1
blowing,1
trumpet,1
calculate,1
unchecked,1
oracular,1
cogs,1
predicts,1
alfger,1
busy,1
charcabol,1
futile,1
squares,1
aligned,1
cube,1
orderly,1
straightening,1
symmetrical,1
wasps,1
pulse,1
lines,1
squeakling,1
squashed,1
curled,1
amidst,1
kinder,1
darts,1
listening,1
verminform,1
fit,1
donning,1
removal,1
ease,1
swimming,1
straw,1
soaring,1
upward,1
virtuous,1
warlords,1
scent,1
herding,1
geese,1
grandfather,1
warrior,1
kept,1
punishments,1
talismans,1
mistake,1
invigorating,1
bellowing,1
alabaster,1
denebawde,1
rs,1
shrew,1
wears,1
marik,1
olthiar,1
extinct,1
oranges,1
silenced,1
translucent,1
grapes,1
pears,1
figs,1
ghoulish,1
peaches,1
duties,1
determine,1
duplicate,1
encountering,1
skyline,1
domes,1
bridges,1
stroll,1
primitives,1
slabs,1
sparkling,1
advises,1
growling,1
chorus,1
bangs,1
explosive,1
barrage,1
smugly,1
refuses,1
sheer,1
partway,1
whistle,1
vacate,1
exits,1
museum,1
canisters,1
pipes,1
liquor,1
trading,1
downward,1
tiled,1
rifles,1
ammunition,1
sponge,1
chamber,1
ghouls,1
slightest,1
wires,1
blinking,1
hellish,1
choked,1
factory,1
machines,1
roars,1
embrace,1
hopkin,1
carbine,1
bullets,1
electric,1
bastion,1
grenades,1
flamethrower,1
abril,1
immensely,1
disappointed,1
talk,1
quith,1
shocking,1
press,1
withholding,1
tremor,1
guns,1
formaldehyde,1
artifacts,1
undamaged,1
lyonelle,1
ceramic,1
technological,1
lamps,1
flasks,1
magnets,1
glue,1
brickwork,1
cement,1
mixer,1
principles,1
practices,1
fiction,1
adapt,1
transparent,1
probabilities,1
commits,1
transparency,1
fudging,1
interpretation,1
competence,1
mundane,1
extinguishing,1
availability,1
informed,1
sensory,1
introduce,1
retcon,1
starts,1
dynamic,1
reinforcements,1
shifts,1
breaks,1
static,1
attrition,1
indecisive,1
remind,1
improvised,1
rulings,1
logical,1
mechanics,1
guess,1
motivations,1
keywords,1
imparied,1
suprise,1
